City No.,City,Lat,Lng,Max Temp,Humidity,Cloudiness,Wind Speed,Country,Date
0,ambilobe,-13.2,49.05,31.18,52,71,1.84,MG,1634986870
1,butaritari,3.0707,172.7902,28.31,70,98,6.19,KI,1634986612
2,bluff,-46.6,168.3333,11.13,88,97,3.16,NZ,1634986677
3,port alfred,-33.5906,26.891,17.93,67,87,13.98,ZA,1634986872
4,souillac,-20.5167,57.5167,26.31,68,32,6.33,MU,1634986873
5,presidente medici,-11.1753,-61.9014,25.23,84,73,2.21,BR,1634986874
6,hofn,64.2539,-15.2082,7.47,94,100,3.28,IS,1634986704
7,thinadhoo,0.5333,72.9333,28.51,72,100,6.47,MV,1634986876
8,thompson,55.7435,-97.8558,-0.66,93,100,0.89,CA,1634986877
9,palu,-0.8917,119.8707,25.08,97,71,0.25,ID,1634986877
10,saldanha,-33.0117,17.9442,16.37,64,11,7.17,ZA,1634986878
11,jamestown,42.097,-79.2353,6.8,95,90,1.34,US,1634986858
12,hilo,19.7297,-155.09,22.28,96,90,1.54,US,1634986767
13,belushya guba, , , , , , , , 
14,saint-philippe,-21.3585,55.7679,27.75,86,52,4.57,RE,1634986881
15,sao joao da barra,-21.6403,-41.0511,22.14,81,47,2.79,BR,1634986882
16,qaanaaq,77.484,-69.3632,-18.35,64,0,3.34,GL,1634986696
17,launceston,-41.45,147.1667,9.8,94,90,0.89,AU,1634986702
18,albany,42.6001,-73.9662,4.46,86,90,1.6,US,1634986636
19,haines junction,60.7522,-137.5108,-1.58,97,97,1.1,CA,1634986884
20,pisco,-13.7,-76.2167,14.45,91,15,0.58,PE,1634986885
21,mar del plata,-38.0023,-57.5575,13.38,90,90,1.34,AR,1634986788
22,kaitangata,-46.2817,169.8464,9.22,96,94,2.45,NZ,1634986887
23,punta arenas,-53.15,-70.9167,2.84,74,64,11.48,CL,1634986888
24,east london,-33.0153,27.9116,22.52,53,0,13.38,ZA,1634986742
25,iqaluit,63.7506,-68.5145,-4.61,85,100,0.89,CA,1634986889
26,carauari,-4.8828,-66.8958,23.37,95,96,0.71,BR,1634986890
27,herat,34.5,62,16.1,18,0,8.27,AF,1634986891
28,taolanaro, , , , , , , , 
29,kropotkin,45.4375,40.5756,21.3,35,25,6.35,RU,1634986892
30,rikitea,-23.1203,-134.9692,23.19,85,14,9.82,PF,1634986893
31,kenai,60.5544,-151.2583,5.08,91,100,5.45,US,1634986894
32,bengkulu,-3.8004,102.2655,26.47,83,100,1.45,ID,1634986895
33,arraial do cabo,-22.9661,-42.0278,21.12,84,0,7.43,BR,1634986896
34,vila franca do campo,37.7167,-25.4333,20.23,79,66,1.6,PT,1634986896
35,lienz,46.8289,12.769,13.27,44,20,0.77,AT,1634986897
36,tuktoyaktuk,69.4541,-133.0374,-2.65,95,80,7.72,CA,1634986898
37,ponta do sol,32.6667,-17.1,22.78,55,11,1.7,PT,1634986899
38,longyearbyen,78.2186,15.6401,-7.09,79,20,0,SJ,1634986887
39,presque isle,46.6811,-68.0159,5.92,93,90,1.54,US,1634986900
40,tsihombe, , , , , , , , 
41,cedar city,37.6775,-113.0619,11.33,27,99,3.26,US,1634986902
42,vardo,70.3705,31.1107,-3.89,81,97,8.1,NO,1634986903
43,lufilufi,-13.8745,-171.5986,24.88,73,93,8.17,WS,1634986903
44,hobart,-42.8794,147.3294,12.23,94,75,3.09,AU,1634986747
45,ribeira grande,38.5167,-28.7,21.22,73,20,1.03,PT,1634986905
46,talnakh,69.4865,88.3972,-1.8,97,100,4.4,RU,1634986906
47,ushuaia,-54.8,-68.3,2.61,69,49,4.17,AR,1634986807
48,barentsburg, , , , , , , , 
49,cape town,-33.9258,18.4232,21.16,46,40,3.13,ZA,1634986638
50,vaini,-21.2,-175.2,22.58,69,24,7.86,TO,1634986909
51,bredasdorp,-34.5322,20.0403,17.93,44,40,11.22,ZA,1634986910
52,hasaki,35.7333,140.8333,13.22,49,3,7.84,JP,1634986910
53,masunga,-20.6246,27.4488,36.29,15,2,4.66,BW,1634986911
54,tarpon springs,28.1461,-82.7568,23.31,86,1,0,US,1634986912
55,guarapari,-20.6667,-40.4975,23,77,58,2.7,BR,1634986913
56,new norfolk,-42.7826,147.0587,12.03,84,100,0.45,AU,1634986691
57,provideniya,64.3833,-173.3,-3.87,79,100,3.16,RU,1634986722
58,kodiak,57.79,-152.4072,5.55,82,63,3.57,US,1634986915
59,hithadhoo,-0.6,73.0833,28.46,71,100,6.24,MV,1634986833
60,moron,-34.6534,-58.6198,16.86,97,100,1.24,AR,1634986708
61,hami,42.8,93.45,15.06,25,100,1.9,CN,1634986917
62,rorvik,64.8621,11.2373,7.5,56,91,3.2,NO,1634986918
63,upernavik,72.7868,-56.1549,-7.31,88,98,4.72,GL,1634986919
64,sam chuk,14.7576,100.0899,24.35,89,98,3.13,TH,1634986920
65,southbridge,42.0751,-72.0334,11.26,87,94,1.66,US,1634986805
66,lebu,-37.6167,-73.65,9.74,73,79,2.8,CL,1634986921
67,esperance,-33.8667,121.9,13.72,69,1,7.92,AU,1634986829
68,richards bay,-28.783,32.0377,30.8,45,1,5.06,ZA,1634986923
69,zhangye,38.9342,100.4517,12.52,35,0,3.69,CN,1634986924
70,thunder bay,48.4001,-89.3168,2.22,88,66,4.07,CA,1634986925
71,awjilah,29.1081,21.2869,29.03,24,1,4.73,LY,1634986926
72,lata,40.1629,-8.3327,21.07,44,65,0.99,PT,1634986927
73,vaitupu, , , , , , , , 
74,faanui,-16.4833,-151.75,25.64,75,80,6.71,PF,1634986929
75,cabo san lucas,22.8909,-109.9124,25.84,79,10,5.83,MX,1634986930
76,busselton,-33.65,115.3333,17.25,75,50,3.53,AU,1634986931
77,eyl,7.9803,49.8164,28.98,57,5,6.31,SO,1634986931
78,sao filipe,14.8961,-24.4956,27.13,67,0,2.56,CV,1634986932
79,genhe,50.7833,121.5167,-0.51,85,5,1.16,CN,1634986933
80,meulaboh,4.1363,96.1285,26.41,84,86,1.63,ID,1634986934
81,hay river,60.8156,-115.7999,4.99,63,100,6.29,CA,1634986935
82,vila velha,-20.3297,-40.2925,22.9,76,51,1.6,BR,1634986834
83,pangnirtung,66.1451,-65.7125,-3.32,95,99,2.18,CA,1634986936
84,puerto ayora,-0.7393,-90.3518,20.78,85,82,3.35,EC,1634986937
85,ornskoldsvik,63.2909,18.7153,0.9,86,62,5.66,SE,1634986938
86,guerrero negro,27.9769,-114.0611,17.87,86,2,5.03,MX,1634986939
87,noumea,-22.2763,166.4572,21.99,88,49,4.14,NC,1634986850
88,kieta,-6.2167,155.6333,26.69,82,6,2.53,PG,1634986940
89,yellowknife,62.456,-114.3525,5.31,86,82,7.6,CA,1634986816
90,port elizabeth,-33.918,25.5701,17.66,60,100,11.06,ZA,1634986936
91,aklavik,68.2191,-135.0107,-3.04,94,78,2.27,CA,1634986943
92,mataura,-46.1927,168.8643,10.36,76,100,0.59,NZ,1634986943
93,kloulklubed,7.0419,134.2556,28.85,72,99,2.48,PW,1634986944
94,noboribetsu,42.4514,141.1731,5.1,68,8,3.77,JP,1634986945
95,illoqqortoormiut, , , , , , , , 
96,najran,17.4924,44.1277,28.43,14,31,5.6,SA,1634986947
97,laguna,38.421,-121.4238,14.58,87,75,1.54,US,1634986894
98,jumla,29.2747,82.1838,14.87,72,25,1.85,NP,1634986880
99,saskylakh,71.9167,114.0833,-18.35,98,100,3.74,RU,1634986663
100,qasigiannguit,68.8193,-51.1922,-6.86,93,100,3.46,GL,1634986950
101,raudeberg,61.9875,5.1352,7.15,81,89,1.34,NO,1634986950
102,hermanus,-34.4187,19.2345,18.83,64,38,10,ZA,1634986658
103,burica, , , , , , , , 
104,ilave,-16.0833,-69.6667,8.53,54,98,0.63,PE,1634986952
105,sisimiut,66.9395,-53.6735,-5.98,75,89,6.2,GL,1634986953
106,tasiilaq,65.6145,-37.6368,0.09,93,100,2.9,GL,1634986954
107,huty,50.1332,35.3439,14.66,32,68,8.67,UA,1634986955
108,camana,-16.6228,-72.7111,16.16,80,47,3.23,PE,1634986956
109,tura,25.5198,90.2201,22,84,12,0.55,IN,1634986957
110,saint george,37.1041,-113.5841,17.52,38,1,2.57,US,1634986817
111,emmett,43.8735,-116.4993,8.53,91,86,1.65,US,1634986681
112,havoysund,70.9963,24.6622,1.49,86,100,9.98,NO,1634986959
113,palabuhanratu, , , , , , , , 
114,luwuk,-0.9516,122.7875,26.69,81,94,1.37,ID,1634986960
115,dikson,73.5069,80.5464,-11.76,89,100,6.44,RU,1634986961
116,alofi,-19.0595,-169.9187,23.14,70,80,7.04,NU,1634986962
117,georgetown,5.4112,100.3354,29.99,75,20,0.45,MY,1634986683
118,samusu, , , , , , , , 
119,arkhangelsk,64.5401,40.5433,1.06,86,20,3,RU,1634986964
120,camacupa,-12.0167,17.4833,29.46,40,77,1.72,AO,1634986965
121,chokurdakh,70.6333,147.9167,-22.11,98,100,1.79,RU,1634986966
122,altay,47.8667,88.1167,0.89,58,99,1.15,CN,1634986967
123,betioky,-23.7167,44.3833,34.16,18,14,6.6,MG,1634986968
124,takoradi,4.8845,-1.7554,27.1,75,100,1.68,GH,1634986968
125,leopold,-38.1833,144.4667,13.24,86,75,1.34,AU,1634986969
126,touros,-5.1989,-35.4608,28.08,66,97,5.34,BR,1634986970
127,tabas,33.5959,56.9244,23.05,9,0,2.56,IR,1634986971
128,cidreira,-30.1811,-50.2056,20.46,72,30,5.07,BR,1634986972
129,san jose,37.3394,-121.895,14.32,85,1,0,US,1634986972
130,iglesias,39.3114,8.535,22.1,39,100,0.75,IT,1634986973
131,florianopolis,-27.6146,-48.5012,20.79,71,75,1.34,BR,1634986974
132,normandin,48.8333,-72.5321,0.01,75,100,1.4,CA,1634986975
133,port blair,11.6667,92.75,26.69,80,97,1.65,IN,1634986976
134,atuona,-9.8,-139.0333,25.26,79,20,8.55,PF,1634986713
135,dawson creek,55.7666,-120.2362,0.98,100,90,0,CA,1634986848
136,attawapiskat, , , , , , , , 
137,knyaze-volkonskoye,48.4642,135.4567,10.19,62,32,4.34,RU,1634986978
138,san carlos,9.6612,-68.5827,22.73,89,88,0.89,VE,1634986979
139,derzhavinsk,51.1,66.3167,13.7,49,10,10.34,KZ,1634986980
140,poum,-20.2333,164.0167,23.79,80,6,8.47,NC,1634986981
141,half moon bay,37.4636,-122.4286,14.38,91,90,0,US,1634986982
142,bintulu,3.1667,113.0333,25.94,86,100,2.55,MY,1634986983
143,kayerkan,69.3497,87.7602,-6.61,95,100,4.83,RU,1634986984
144,yerbogachen,61.2767,108.0108,2.33,80,99,4.96,RU,1634986985
145,tromso,69.6496,18.957,0.01,59,0,1.34,NO,1634986986
146,abha,18.2164,42.5053,23.3,16,10,2.43,SA,1634986987
147,kamiichi,36.7,137.3667,10.98,85,73,2.1,JP,1634986987
148,barrow,71.2906,-156.7887,-1.99,80,90,5.66,US,1634986988
149,salalah,17.0151,54.0924,28.53,55,26,4.02,OM,1634986846
150,fontem,5.4685,9.8818,20.87,91,99,0.26,CM,1634986990
151,rafaela,-31.2503,-61.4867,14.47,88,100,1.34,AR,1634986991
152,port hedland,-20.3167,118.5667,29.03,45,0,4.12,AU,1634986991
153,ginir,7.1333,40.7,23.58,29,52,4.33,ET,1634986939
154,san patricio,28.017,-97.5169,26.02,88,92,2.59,US,1634986993
155,albanel,48.8832,-72.4487,0.08,75,100,1.48,CA,1634986994
156,maputo,-25.9653,32.5892,35.82,28,0,5.66,MZ,1634986772
157,san cristobal,7.7669,-72.225,19.1,90,22,0.84,VE,1634986995
158,geraldton,-28.7667,114.6,20.23,68,24,7.2,AU,1634986996
159,eregli,37.5133,34.0467,19.7,15,2,1.63,TR,1634986997
160,westport,41.1415,-73.3579,12.26,69,90,1.34,US,1634986998
161,sentyabrskiy, , , , , , , , 
162,khatanga,71.9667,102.5,-9.43,95,100,6.83,RU,1634986999
163,jardim,-21.4803,-56.1381,26.23,51,69,3.41,BR,1634987000
164,ancud,-41.8697,-73.8203,8.01,91,96,3.27,CL,1634986902
165,kununurra,-15.7667,128.7333,31.99,55,76,6.17,AU,1634987002
166,adrar,20.5022,-10.0711,30.13,15,56,4.04,MR,1634987003
167,torbay,47.6666,-52.7314,14.66,98,75,4.63,CA,1634986817
168,castro,-24.7911,-50.0119,17.42,60,10,2.87,BR,1634986874
169,bitung,1.4451,125.1824,24.47,80,98,0.84,ID,1634987005
170,college,64.8569,-147.8028,-0.23,88,98,0.89,US,1634987006
171,sinazongwe,-17.2614,27.4618,32.98,39,6,5.78,ZM,1634987006
172,pout,14.7739,-17.0603,30.42,45,14,7.2,SN,1634987007
173,nadym,65.5333,72.5167,0.08,99,100,4.64,RU,1634987008
174,ust-kuyga,70.0167,135.6,-25.2,100,84,0.04,RU,1634987009
175,dawlatabad,36.4141,64.9053,17.6,22,0,7.38,AF,1634987010
176,gimli,50.6336,-96.9907,1.91,74,99,2.74,CA,1634987011
177,bambous virieux,-20.3428,57.7575,26.23,71,31,6.13,MU,1634987012
178,gasa,31.5,34.4667,27.16,49,0,5.95,PS,1634986825
179,brownsville,25.9018,-97.4975,23.28,76,96,3.19,US,1634986802
180,kapoeta,4.7717,33.5903,35.36,27,15,9.01,SS,1634986829
181,lolua, , , , , , , , 
182,kapaa,22.0752,-159.319,24.18,93,75,5.14,US,1634987015
183,stepnyak,52.8339,70.7803,10.54,60,98,9.84,KZ,1634987016
184,samarai,-10.6167,150.6667,27.17,82,100,6.23,PG,1634987017
185,grindavik,63.8424,-22.4338,8.26,93,75,6.17,IS,1634987018
186,jacareacanga,-6.2222,-57.7528,24.22,93,100,0.9,BR,1634987018
187,carnarvon,-24.8667,113.6333,23.27,65,0,9.2,AU,1634987019
188,angoche,-16.2325,39.9086,28.66,55,8,7.04,MZ,1634986935
189,ponta delgada,37.7333,-25.6667,20.4,88,75,2.06,PT,1634987021
190,cayenne,4.9333,-52.3333,27.27,88,90,0,GF,1634986997
191,namibe,-15.1961,12.1522,24.93,51,33,7.93,AO,1634987022
192,nome,64.5011,-165.4064,0.06,78,100,3.16,US,1634986964
193,bargal, , , , , , , , 
194,hovd,48.0056,91.6419,5.79,39,100,0.23,MN,1634987024
195,fortuna,40.5982,-124.1573,13.29,70,90,1.79,US,1634987025
196,nikolskoye,59.7035,30.7861,6.04,90,100,1.9,RU,1634987026
197,broome,42.2506,-75.833,5.35,87,90,0.89,US,1634987027
198,nouadhibou,20.931,-17.0347,22.03,70,0,5.64,MR,1634987028
199,athabasca,54.7169,-113.2854,4.9,66,100,5.91,CA,1634986777
200,lagoa,39.05,-27.9833,19.65,72,1,4.44,PT,1634987029
201,batagay-alyta,67.8006,130.4114,-19.87,99,75,1.61,RU,1634987030
202,pevek,69.7008,170.3133,-10.83,94,100,2.51,RU,1634987031
203,oranjemund,-28.55,16.4333,16.76,71,83,3.22,NA,1634987032
204,tomatlan,19.9333,-105.25,23.59,96,98,1.67,MX,1634987033
205,zhuanghe,39.7008,122.9911,11.2,52,1,2.58,CN,1634987033
206,malia,35.2833,25.4667,24.81,59,0,3.39,GR,1634987034
207,avarua,-21.2078,-159.775,21.03,68,90,2.57,CK,1634987035
208,mazatlan,23.2167,-106.4167,26.06,90,1,0.45,MX,1634986801
209,lasa,46.6166,10.7002,13.35,29,22,0.11,IT,1634987036
210,maloshuyka, , , , , , , , 
211,nizhneyansk, , , , , , , , 
212,keffi,8.8486,7.8736,24.03,86,100,1.14,NG,1634987038
213,am timan,11.0297,20.2827,33.98,40,35,1.16,TD,1634987039
214,barbar, , , , , , , , 
215,kumbo,6.2,10.6667,15.84,97,100,0.76,CM,1634987041
216,avera,33.194,-82.5271,12.93,91,0,2.76,US,1634987042
217,oussouye,12.485,-16.5469,32.32,38,100,2.64,SN,1634987043
218,turkmenabat,39.0733,63.5786,18.34,16,0,4.03,TM,1634987044
219,yomitan, , , , , , , , 
220,tiksi,71.6872,128.8694,-17.48,98,100,0.84,RU,1634987046
221,bairiki,1.3292,172.9752,27,78,20,2.06,KI,1634987047
222,grand river south east, , , , , , , , 
223,chuy,-33.6971,-53.4616,16.07,74,97,1.07,UY,1634987048
224,neon petritsion,41.2833,23.3,20.13,53,97,1.32,GR,1634987049
225,sinop,41.7711,34.8709,18.55,38,0,2.79,TR,1634986501
226,veseloyarsk,51.2836,81.1056,8.66,47,98,10.21,RU,1634987050
227,bardiyah,31.7561,25.0865,23.64,44,0,2.77,LY,1634987051
228,nakusp,50.2499,-117.8023,8.04,99,100,1.04,CA,1634987052
229,quatre cocos,-20.2078,57.7625,26.16,70,45,5.78,MU,1634987053
230,nisia floresta,-6.0911,-35.2086,29.45,62,36,4.69,BR,1634987054
231,custodia,-8.0875,-37.6431,26.03,61,76,4.57,BR,1634987055
232,bandarbeyla,9.4942,50.8122,27.43,63,6,5.82,SO,1634987056
233,manacor,39.5696,3.2096,20.49,54,100,8.41,ES,1634987057
234,mapiripan,2.8892,-72.1256,22.63,94,26,1.64,CO,1634987057
235,bani walid,31.7566,13.9942,30.17,20,89,7.68,LY,1634987058
236,burnie,-41.0667,145.9167,11.08,71,100,5.48,AU,1634987059
237,marcona, , , , , , , , 
238,houston,29.7633,-95.3633,23.83,85,1,0.45,US,1634986623
239,vao,-22.6667,167.4833,22.3,84,13,7.09,NC,1634987061
240,valparaiso,-33.0393,-71.6273,12.49,71,0,2.06,CL,1634986767
241,hirara,24.8,125.2833,24.36,63,100,10.07,JP,1634987063
242,sitka,57.0531,-135.33,9.94,62,90,9.26,US,1634987064
243,kavieng,-2.5744,150.7967,28.46,76,19,7.2,PG,1634987064
244,porto novo,6.4965,2.6036,27.4,77,98,2.24,BJ,1634987065
245,casambalangan,18.3765,122.1274,26.65,83,30,4.52,PH,1634987066
246,timbo,-26.8233,-49.2717,23,80,98,0.69,BR,1634987067
247,severo-kurilsk,50.6789,156.125,3.01,78,20,2.75,RU,1634987068
248,jinhua,29.1078,119.6547,13.82,82,100,0.86,CN,1634987069
249,lompoc,34.6391,-120.4579,15.21,87,90,2.06,US,1634987069
250,kutum,14.2,24.6667,31.63,16,12,6.1,SD,1634987070
251,assiniboia,49.6334,-105.9845,1.72,63,99,8.31,CA,1634987071
252,airai,-8.9266,125.4092,18.48,84,88,0.34,TL,1634987072
253,trairi,-3.2778,-39.2689,29.54,62,84,5.03,BR,1634987006
254,lana,46.6124,11.1559,18.01,44,13,0.83,IT,1634987073
255,codrington,-38.2667,141.9667,10.24,86,43,5.68,AU,1634987074
256,kuche, , , , , , , , 
257,gallup,35.5281,-108.7426,7.79,57,1,0.45,US,1634987076
258,chirongui,-12.9319,45.1483,29.96,72,10,2.88,YT,1634987076
259,kiruna,67.8557,20.2251,-6.49,79,84,3.6,SE,1634987077
260,cabedelo,-6.9811,-34.8339,29.37,71,17,5.56,BR,1634987078
261,tuatapere,-46.1333,167.6833,11.21,81,100,1.01,NZ,1634987079
262,zhigansk,66.7697,123.3711,-14.58,99,83,1.24,RU,1634987080
263,lavrentiya,65.5833,-171,-2.98,81,100,5.44,RU,1634987081
264,constitucion,-35.3333,-72.4167,8.51,76,3,3.59,CL,1634987081
265,ca mau,9.1769,105.15,26.32,85,75,1.53,VN,1634987082
266,sinnamary,5.3833,-52.95,26.63,85,100,2.7,GF,1634986874
267,buala,-8.145,159.5921,27.04,80,9,2.26,SB,1634987084
268,ust-nera,64.5667,143.2,-17.11,100,86,0.3,RU,1634987085
269,poso,-1.3959,120.7524,26.62,81,79,1.19,ID,1634987086
270,izumo,35.3667,132.7667,13.74,66,73,2.61,JP,1634987087
271,amderma, , , , , , , , 
272,kargasok,59.0556,80.8572,2.83,96,100,7.99,RU,1634987088
273,nishihara,26.1842,127.7558,22.6,60,75,4.63,JP,1634987089
274,lima,-12.0432,-77.0282,14.94,86,75,2.57,PE,1634986454
275,beloha,-25.1667,45.05,32.49,25,20,2.87,MG,1634987090
276,golkoy,40.6875,37.6178,13.67,40,9,1.79,TR,1634987091
277,rocha,-34.4833,-54.3333,14.75,77,87,0.49,UY,1634987092
278,devonport,-41.1667,146.35,11.12,93,100,1.3,AU,1634987093
279,koumac,-20.5667,164.2833,22.64,86,7,5.3,NC,1634987094
280,port hardy,50.6996,-127.4199,8.74,86,100,8.04,CA,1634986816
281,emerald,-23.5333,148.1667,32.08,35,75,5.66,AU,1634986825
282,seymchan,62.8833,152.4333,-16.66,81,95,1.18,RU,1634987096
283,banda aceh,5.5577,95.3222,27.04,80,92,2.42,ID,1634987096
284,mahebourg,-20.4081,57.7,26.25,71,23,6.4,MU,1634986826
285,srednekolymsk,67.45,153.6833,-24.02,98,56,1.09,RU,1634987098
286,zhigalovo,54.8097,105.1578,2.72,81,76,1.71,RU,1634987099
287,kyren,51.6828,102.1408,2.6,73,56,0.53,RU,1634987100
288,itarema,-2.9248,-39.9167,29.41,61,100,5.22,BR,1634987100
289,ljungby,56.8332,13.9408,9.33,57,22,4.04,SE,1634987102
290,linshu, , , , , , , , 
291,sigli,5.3848,95.9609,26.93,83,86,2.29,ID,1634987103
292,svetlogorsk,52.6333,29.7333,7.02,65,92,6.9,BY,1634987105
293,ust-kamchatsk, , , , , , , , 
294,antofagasta,-23.65,-70.4,13.67,79,73,2.33,CL,1634987032
295,necochea,-38.5473,-58.7368,10.02,80,84,3.16,AR,1634986813
296,labuhan,-6.8844,112.2051,29.44,65,24,1.34,ID,1634987108
297,padang,-0.9492,100.3543,28.03,84,69,1.62,ID,1634987109
298,charters towers,-20.1,146.2667,24.16,65,58,5.59,AU,1634987109
299,cherskiy,68.75,161.3,-18.97,100,100,0.9,RU,1634987110
300,bima,-8.4667,118.7167,27.35,77,42,2.61,ID,1634987111
301,tadine,-21.55,167.8833,22.71,85,9,3.85,NC,1634987112
302,urengoy,65.9667,78.3667,-0.17,97,97,5.11,RU,1634987113
303,cheney,47.4874,-117.5758,7.84,95,75,5.14,US,1634986938
304,norman wells,65.282,-126.8329,-0.83,92,2,2.29,CA,1634987114
305,vila,42.0304,-8.1588,13.75,71,95,0.79,PT,1634987115
306,rungata, , , , , , , , 
307,arinos,-15.9169,-46.1056,26.71,61,14,0.85,BR,1634987117
308,medina,24.4686,39.6142,38.24,7,0,5.66,SA,1634987063
309,opuwo,-18.0607,13.84,31.37,8,0,3.83,NA,1634987118
310,metehara, , , , , , , , 
311,gilazi, , , , , , , , 
312,ceres,37.5949,-120.9577,14.33,88,92,1.79,US,1634987120
313,mehamn,71.0357,27.8492,1.4,74,100,6.76,NO,1634986992
314,maridi,4.9158,29.4742,29.77,57,97,1.39,SS,1634987122
315,northam,51.0333,-4.2167,13.34,72,99,6.8,GB,1634987123
316,haverhill,42.7762,-71.0773,11.62,74,90,1.34,US,1634987124
317,ilinskiy,55.619,38.1182,9.19,57,40,6,RU,1634987125
318,lucea,18.451,-78.1736,26.02,80,37,2.19,JM,1634987125
319,smithers,54.7804,-127.1743,2.83,88,100,0.82,CA,1634987126
320,bac lieu,9.285,105.7244,27.5,76,37,3.17,VN,1634987127
321,mlonggo,-6.5333,110.7,30.94,70,92,3.47,ID,1634987128
322,lorengau,-2.0226,147.2712,27.42,79,31,3.13,PG,1634987129
323,caravelas,-17.7125,-39.2481,25.66,74,98,3.54,BR,1634987130
324,mange,8.9167,-12.85,30.49,65,75,1.17,SL,1634987130
325,luwingu,-10.2621,29.9271,36.9,15,10,1.62,ZM,1634987131
326,baykit,61.67,96.37,0.61,88,100,4.07,RU,1634987132
327,berlevag,70.8578,29.0864,2.04,69,100,7.1,NO,1634987133
328,zhetybay, , , , , , , , 
329,wasilla,61.5814,-149.4394,5.96,70,40,3.13,US,1634986987
330,sola,-13.8833,167.55,27.39,76,87,7.04,VU,1634987135
331,fuerte,17.5381,120.3644,27.09,79,74,3.58,PH,1634987136
332,ordynskoye,54.3656,81.8994,4.66,75,100,10.62,RU,1634987137
333,salinopolis,-0.6136,-47.3561,27.3,82,100,4.1,BR,1634987138
334,saint-georges,12.0564,-61.7485,27.82,74,20,8.75,GD,1634987139
335,victoria,22.2855,114.1577,21.85,75,28,2.68,HK,1634987140
336,aldan,58.6031,125.3894,0.39,85,98,3.68,RU,1634987141
337,pskov,57.8136,28.3496,3.95,87,75,5,RU,1634987141
338,shitanjing,39.2342,106.3439,10.18,46,4,1.84,CN,1634987142
339,strakonice,49.2614,13.9024,11.25,53,18,5.75,CZ,1634987143
340,alice springs,-23.7,133.8833,27.75,23,29,6.69,AU,1634987004
341,la ronge,55.1001,-105.2842,0.53,85,82,6.58,CA,1634987145
342,can,40.0333,27.0524,20.38,48,6,3.04,TR,1634987145
343,grand gaube,-20.0064,57.6608,26.32,68,24,3.58,MU,1634987146
344,soavinandriana,-19.1667,46.7333,28.45,16,84,4.49,MG,1634987147
345,brewster,41.3973,-73.6171,10.49,80,90,0,US,1634987148
346,linjiang,41.8069,126.9078,4.24,65,0,0.2,CN,1634987149
347,sayan,-11.1361,-77.1933,18.47,73,18,0.7,PE,1634987150
348,ardmore,34.1743,-97.1436,18.74,89,1,1.79,US,1634987099
349,fairbanks,64.8378,-147.7164,-0.22,89,75,0,US,1634987151
350,yarada,17.65,83.2667,31.18,58,75,3.6,IN,1634987152
351,dingle,10.9995,122.6711,24.44,93,100,3.01,PH,1634987153
352,tevriz,57.509,72.4042,9.23,80,100,5.25,RU,1634987154
353,kuandian,40.7286,124.7847,6.62,58,0,0.12,CN,1634987154
354,kommunar,59.6206,30.39,5.29,92,100,2.13,RU,1634987155
355,kashary,49.04,41.0056,17.84,46,86,6.33,RU,1634987156
356,hualmay,-11.0964,-77.6139,16.12,88,67,3.89,PE,1634987157
357,naantali,60.4674,22.0243,2.98,87,90,3.09,FI,1634987158
358,rio gallegos,-51.6226,-69.2181,3.95,62,28,15.58,AR,1634987002
359,portland,45.5234,-122.6762,11.83,93,90,1.79,US,1634986978
360,coahuayana,18.7333,-103.6833,24.43,94,100,1.26,MX,1634987160
361,srandakan,-7.9386,110.2506,26.66,80,100,3.49,ID,1634987161
362,hamilton,39.1834,-84.5333,10.59,95,40,3.09,US,1634986902
363,topolobampo,25.6,-109.05,21.14,72,0,1.86,MX,1634987163
364,mount isa,-20.7333,139.5,28.87,48,100,2.06,AU,1634987164
365,bull savanna,17.8868,-77.5902,24.5,87,51,4.37,JM,1634987165
366,mabaruma,8.2,-59.7833,23.69,98,67,1.23,GY,1634987165
367,woodstock,43.1334,-80.7497,5.45,90,100,0.45,CA,1634986905
368,yulara,-25.2406,130.9889,26.91,22,0,6.17,AU,1634987167
369,haibowan, , , , , , , , 
370,narrabri,-30.3167,149.7833,25.85,49,0,0.45,AU,1634987168
371,lakatoro,-16.0999,167.4164,26.3,85,72,3.86,VU,1634987169
372,guicheng, , , , , , , , 
373,acurenam,1.0322,10.6488,19.86,99,100,0.77,GQ,1634987171
374,aranos,-24.1333,19.1167,24.68,9,0,4.79,NA,1634987172
375,weligama,5.9667,80.4167,28.64,67,31,4.42,LK,1634987172
376,safaga,26.7292,33.9365,28.7,47,0,7.69,EG,1634987173
377,nara,34.6851,135.8049,15.6,45,6,2.48,JP,1634987174
378,mastic beach,40.7668,-72.8521,12.38,70,90,0,US,1634987175
379,vanderhoof,54.0166,-124.0198,3.06,89,88,1.93,CA,1634987176
380,baragua,21.6967,-78.6328,23.48,91,85,2.41,CU,1634987177
381,alotau, , , , , , , , 
382,ilulissat,69.2167,-51.1,-6.99,73,75,11.32,GL,1634987178
383,ngukurr, , , , , , , , 
384,kapit,2.0167,112.9333,23.92,97,97,0.27,MY,1634987180
385,port hawkesbury,45.6169,-61.3485,16.77,96,100,2.7,CA,1634987181
386,ekimchan,53.0667,132.9667,-0.06,95,97,1.53,RU,1634987181
387,bristol,41.8334,-71.1662,12.12,79,90,2.24,US,1634987142
388,teya,60.3778,92.6267,0.77,88,100,5.6,RU,1634987183
389,union,40.6334,-74.2663,12.31,71,90,3.09,US,1634987066
390,narsaq,60.9167,-46.05,2.12,94,99,1.35,GL,1634987184
391,nantucket,41.2835,-70.0995,13.97,81,100,4.77,US,1634987023
392,mahanje,-9.9333,35.3333,34.29,21,1,3.04,TZ,1634987186
393,kalmar,56.6616,16.3616,8.41,63,20,7.2,SE,1634987187
394,khonuu, , , , , , , , 
395,port lincoln,-34.7333,135.8667,12.57,74,2,6.46,AU,1634987188
396,beringovskiy,63.05,179.3167,-10.36,77,97,5.46,RU,1634987189
397,kruisfontein,-34.0033,24.7314,18.11,52,100,12.13,ZA,1634987190
398,paamiut,61.994,-49.6678,-0.41,47,0,9.97,GL,1634987191
399,dutlwe,-23.9833,23.9,31.53,8,0,7.67,BW,1634987192
400,macomb,40.4592,-90.6718,7.13,93,90,1.54,US,1634987193
401,aleksandrovskoye,44.7142,43.0008,20.08,27,0,2.11,RU,1634987194
402,ransang,8.9603,117.5828,26.53,85,99,2.68,PH,1634987195
403,folldal,62.1325,9.9968,0.39,79,78,1.78,NO,1634987195
404,aranda de duero,41.6704,-3.6892,12.47,55,0,1.6,ES,1634987196
405,gat,31.61,34.7642,26.38,33,5,6.72,IL,1634987197
406,medea,36.2642,2.7539,18.25,74,100,0.78,DZ,1634987198
407,turka,49.1541,23.0297,9.59,45,27,5.34,UA,1634987199
408,tiarei,-17.5333,-149.3333,22.01,85,100,8.16,PF,1634987199
409,port macquarie,-31.4333,152.9167,21.98,95,50,2.59,AU,1634987200
410,coihaique,-45.5752,-72.0662,5.97,49,0,3.09,CL,1634987201
411,manitouwadge,49.1215,-85.8403,1.14,96,100,3.56,CA,1634987202
412,qabis, , , , , , , , 
413,mayo,38.8876,-76.5119,15.12,86,90,0.45,US,1634987203
414,grand prairie,32.746,-96.9978,21.05,90,1,2.06,US,1634987204
415,toliary, , , , , , , , 
416,chapais,49.7834,-74.8492,-2.12,93,99,1.15,CA,1634987206
417,jalu,29.0331,21.5482,28.86,24,3,4.44,LY,1634987207
418,ifakara,-8.1333,36.6833,37.36,25,37,3.64,TZ,1634987207
419,anzio,41.4853,12.6179,22.39,71,64,3.58,IT,1634987208
420,chagda, , , , , , , , 
421,san policarpo,12.1791,125.5072,27.24,81,100,3.4,PH,1634987210
422,hunza, , , , , , , , 
423,phuket,8,98.25,30.05,78,20,2.57,TH,1634986945
424,tazovskiy,67.4667,78.7,-4.37,96,75,3.91,RU,1634987212
425,skourta,38.2127,23.5525,22.59,43,20,0,GR,1634987212
426,pingliang,35.5392,106.6861,8.92,80,95,2.17,CN,1634987213
427,mount gambier,-37.8333,140.7667,8.05,90,18,2.68,AU,1634987214
428,praia,14.9215,-23.5087,30.3,45,0,8.23,CV,1634987215
429,black river,18.0264,-77.8487,24.85,90,30,2.47,JM,1634987216
430,levashi,42.4304,47.3215,6.97,37,0,2.37,RU,1634987217
431,fatick,14.3581,-16.5858,30.52,18,74,3.98,SN,1634987217
432,eureka,40.8021,-124.1637,13.34,87,100,2.24,US,1634987218
433,marrakesh,31.6315,-8.0083,20.04,60,0,2.57,MA,1634987219
434,nanortalik,60.1432,-45.2371,2.42,90,100,2.19,GL,1634987220
435,kande,9.9578,1.0447,31.66,52,100,1.91,TG,1634987221
436,luderitz,-26.6481,15.1594,16.45,69,100,3.88,NA,1634987222
437,mnogovershinnyy,53.9353,139.9242,-2.12,95,28,1.96,RU,1634987223
438,alta floresta,-9.8756,-56.0861,23.22,92,100,0.73,BR,1634987224
439,abu dhabi,24.4667,54.3667,33.06,52,0,4.63,AE,1634987165
440,murray bridge,-35.1167,139.2667,13.86,80,1,3.99,AU,1634987225
441,temaraia, , , , , , , , 
442,nemuro,43.3236,145.575,8.46,75,46,6.38,JP,1634987227
443,tezu,27.9167,96.1667,23.25,85,0,1.18,IN,1634987228
444,riachao das neves,-11.7461,-44.91,25.86,69,100,1.11,BR,1634987229
445,muzquiz, , , , , , , , 
446,cheuskiny, , , , , , , , 
447,saint-joseph,-21.3667,55.6167,27.2,81,38,0.39,RE,1634987231
448,americus,32.0724,-84.2327,12.07,87,0,1.54,US,1634987232
449,maniitsoq,65.4167,-52.9,-4.79,54,32,3.76,GL,1634987232
450,elizabeth city,36.2946,-76.2511,16.12,97,20,1.54,US,1634987233
451,letlhakane,-21.4167,25.5833,37.64,13,1,5.42,BW,1634987234
452,sibu,2.3,111.8167,24.46,94,98,1.12,MY,1634987235
453,mount pleasant,32.7941,-79.8626,16.11,93,1,0,US,1634987236
454,rolim de moura, , , , , , , , 
455,gayny,60.3071,54.3241,5.85,69,67,5.37,RU,1634987237
456,barcelos,41.5388,-8.6151,18.84,50,88,1.21,PT,1634987238
457,kavaratti,10.5669,72.642,28.13,74,95,2.03,IN,1634987239
458,sioux lookout,50.1001,-91.917,0.21,91,100,1.91,CA,1634987240
459,lushunkou, , , , , , , , 
460,acarau,-2.8856,-40.12,29.08,64,97,5.42,BR,1634987241
461,sernur,56.9333,49.1536,8.21,65,100,6.45,RU,1634987242
462,zapolyarnyy,69.4154,30.8136,-3.4,89,97,3.02,RU,1634987243
463,ust-maya,60.4167,134.5333,-1.84,98,100,1.18,RU,1634987244
464,sorong,-0.8833,131.25,28.1,72,100,1.27,ID,1634987078
465,republic,37.12,-93.4802,14.89,96,90,0.45,US,1634987245
466,bloomfield,40.8068,-74.1854,12.17,73,90,0.89,US,1634987246
467,erenhot,43.6475,111.9767,8.69,29,41,2.08,CN,1634987247
468,morrinhos,-17.7311,-49.0994,25.49,50,0,2.14,BR,1634987248
469,bethel,41.3712,-73.414,10.87,79,90,0,US,1634987249
470,reconquista,-29.15,-59.65,18.18,89,100,2,AR,1634987250
471,taksimo,56.3444,114.8794,0.27,76,86,0.85,RU,1634986989
472,san carlos de bariloche,-41.1456,-71.3082,2.87,84,69,5.2,AR,1634987007
473,qidong,31.8128,121.6561,19.96,57,100,3.46,CN,1634987252
474,bandundu,-3.3167,17.3667,29.73,68,43,1.63,CD,1634987253
475,omboue,-1.5746,9.2618,25.92,79,98,2.41,GA,1634987254
476,komsomolskiy,40.4272,71.7189,14.68,30,0,2.06,UZ,1634987254
477,nizhniy tsasuchey,50.5167,115.1333,4.93,49,0,1.7,RU,1634987255
478,ulladulla,-35.35,150.4667,18.38,96,58,3.15,AU,1634987256
479,erdenet,49.0333,104.0833,1.34,48,5,1.67,MN,1634987257
480,hobyo,5.3505,48.5268,28.72,61,24,5.08,SO,1634987258
481,bolonchen, , , , , , , , 
482,saint-pierre,-21.3393,55.4781,27.8,75,90,3.09,RE,1634987259
483,qui nhon,13.7667,109.2333,24.8,95,100,5.27,VN,1634987260
484,leningradskiy,69.3833,178.4167,-14.9,86,87,3.53,RU,1634987261
485,goderich,43.7501,-81.7165,4.39,72,99,2.33,CA,1634987262
486,adre,13.4667,22.2,33.78,18,17,5.7,TD,1634987263
487,neryungri,56.6709,124.6491,-3.92,87,18,1.9,RU,1634987263
488,duiwelskloof,-23.6934,30.14,37.31,14,0,3.61,ZA,1634987264
489,saleaula, , , , , , , , 
490,boa vista,2.8197,-60.6733,24.99,83,0,2.06,BR,1634987019
491,podor,16.6527,-14.9587,33.68,15,3,4.27,MR,1634987267
492,aberdeen,57.1437,-2.0981,11.41,80,75,8.23,GB,1634987103
493,turtas,58.9417,69.1325,9.28,80,92,6.14,RU,1634987268
494,imeni poliny osipenko,52.4201,136.4853,-2.17,95,8,1.76,RU,1634987269
495,bathsheba,13.2167,-59.5167,29.34,65,40,10.8,BB,1634987270
496,prince rupert,54.3161,-130.3201,6.41,89,100,4.91,CA,1634987004
497,praia da vitoria,38.7333,-27.0667,21.53,75,24,3.68,PT,1634987271
498,idah,7.1065,6.7342,26.8,78,99,2.06,NG,1634987272
499,le port,-20.9373,55.2919,27.98,78,31,6.01,RE,1634987273
500,tessalit,20.1986,1.0114,35.04,14,0,2.29,ML,1634987274
501,horn,51.8715,8.9451,12.08,76,64,4.15,DE,1634987274
502,shubarkuduk,49.1447,56.4872,15.04,62,19,8.47,KZ,1634987275
503,meyungs, , , , , , , , 
504,lincoln,40.8,-96.667,5.75,81,40,0.89,US,1634987126
505,teguldet,57.3064,88.1667,3.95,66,100,6.37,RU,1634987277
506,fonte boa,-2.4959,-66.2662,23.53,88,50,0.51,BR,1634987278
507,anori,-3.7728,-61.6442,25.12,83,72,0.85,BR,1634987279
508,pipri,19.8,75.5333,29.01,39,5,0.75,IN,1634987280
509,shamsabad,27.0167,78.1333,29.75,38,0,2.45,IN,1634987281
510,byron bay,-28.65,153.6167,22.97,90,64,5.86,AU,1634987001
511,udachnyy,66.4167,112.4,0.96,98,100,6.71,RU,1634987282
512,eirunepe,-6.6603,-69.8736,23.34,92,35,1.01,BR,1634987283
513,caconda,-13.7333,15.0667,29.68,19,68,2.43,AO,1634987284
514,shima,24.4478,117.8111,18.93,73,98,1.92,CN,1634987285
515,grand centre, , , , , , , , 
516,keti bandar,24.1447,67.4497,28.35,46,0,9.08,PK,1634987286
517,urumqi,43.801,87.6005,2.53,81,75,0,CN,1634987287
518,russell,32.3502,-85.1999,11.78,88,1,1.54,US,1634987288
519,chickasha,35.0526,-97.9364,20.44,77,1,1.54,US,1634987238
520,ugoofaaru,5.6667,73,27.29,78,63,6.23,MV,1634987289
521,beian,63.6559,9.5683,8.05,61,75,6.69,NO,1634987290
522,jambusar,22.05,72.8,32.15,40,0,3.69,IN,1634987291
523,butembo,0.15,29.2833,23.37,60,23,1.02,CD,1634987292
524,isangel,-19.55,169.2667,24.27,85,89,4.15,VU,1634987293
525,silver city,32.7701,-108.2803,15.35,51,75,2.24,US,1634987294
526,borba,-4.3878,-59.5939,26.61,75,90,1.02,BR,1634987295
527,mosquera,4.7059,-74.2302,11.05,93,40,1.03,CO,1634987296
528,la spezia,44.1105,9.8434,23.1,51,0,1.23,IT,1634987296
529,bludenz,47.1497,9.8167,14.48,50,75,1.34,AT,1634987297
530,nizwa,22.9333,57.5333,33.15,23,4,3.1,OM,1634987056
531,pangobilian,8.8011,117.8594,26.18,85,100,1.13,PH,1634987299
532,husavik,66.0449,-17.3389,5.06,93,100,3.82,IS,1634987300
533,inhambane,-23.865,35.3833,28.48,55,0,8.07,MZ,1634987301
534,marsh harbour,26.5412,-77.0636,26.08,78,100,2.79,BS,1634987132
